Time,AmplitudeBandWidth,AmplitudeMean,NumberOverloads,NumberUnderloads,StabilizationTime,StableWeight,WeightValue
2018-03-25 15:19:15,3311.0,1355.2279999999998,0.0,0.0,-1.0,True,0.0
2018-03-25 15:19:15,3311.0,1355.2279999999998,0.0,0.0,-1.0,True,0.0
2018-03-25 15:19:15,3311.0,1355.2279999999998,0.0,0.0,-1.0,True,0.0
2018-03-25 15:19:15,3311.0,1355.2279999999998,0.0,0.0,-1.0,True,0.0
2018-03-25 15:19:15,3311.0,1355.2279999999998,0.0,0.0,-1.0,True,0.0
2018-03-25 15:19:15,3311.0,1355.2279999999998,0.0,0.0,-1.0,True,0.0
2018-03-25 15:19:15,3311.0,1355.2279999999998,0.0,0.0,-1.0,True,0.0
2018-03-25 15:19:15,3311.0,1355.2279999999998,0.0,0.0,-1.0,True,0.0
2018-03-25 15:19:15,3311.0,1355.2279999999998,0.0,0.0,-1.0,True,0.0
2018-03-25 15:19:15,3311.0,1355.2279999999998,0.0,0.0,-1.0,True,0.0
2018-03-25 15:19:15,3311.0,1355.2279999999998,0.0,0.0,-1.0,True,0.0
2018-03-25 15:19:15,3311.0,1355.2279999999998,0.0,0.0,-1.0,True,0.0
2018-03-25 15:19:15,3311.0,1355.2279999999998,0.0,0.0,-1.0,True,0.0
2018-03-25 15:19:15,3311.0,1355.2279999999998,0.0,0.0,-1.0,True,0.0
2018-03-25 15:19:15,3311.0,1355.2279999999998,0.0,0.0,-1.0,True,0.0
2018-03-25 15:19:15,3311.0,1355.2279999999998,0.0,0.0,-1.0,True,0.0
2018-03-25 15:19:15,3311.0,1355.2279999999998,0.0,0.0,-1.0,True,0.0
2018-03-25 15:19:15,3311.0,1355.2279999999998,0.0,0.0,-1.0,True,0.0
2018-03-25 15:19:16,3311.0,1355.2279999999998,0.0,0.0,-1.0,True,0.0
2018-03-25 15:19:16,3311.0,1355.2279999999998,0.0,0.0,-1.0,True,0.0
2018-03-25 15:19:16,3311.0,1355.2279999999998,0.0,0.0,-1.0,True,0.0
2018-03-25 15:19:16,3311.0,1355.2279999999998,0.0,0.0,-1.0,True,0.0
2018-03-25 15:19:16,3311.0,1355.2279999999998,0.0,0.0,-1.0,True,0.0
2018-03-25 15:19:16,3311.0,1355.2279999999998,0.0,0.0,-1.0,True,0.0
2018-03-25 15:19:16,3311.0,1355.2279999999998,0.0,0.0,-1.0,True,0.0
2018-03-25 15:19:16,3311.0,1355.2279999999998,0.0,0.0,-1.0,True,0.0
2018-03-25 15:19:16,3311.0,1355.2279999999998,0.0,0.0,-1.0,True,0.0
2018-03-25 15:19:17,3311.0,1355.2279999999998,0.0,0.0,-1.0,True,0.0
2018-03-25 15:19:17,3311.0,1355.2279999999998,0.0,0.0,-1.0,True,0.0
2018-03-25 15:19:17,3311.0,1355.2279999999998,0.0,0.0,-1.0,True,0.0
2018-03-25 15:19:17,3311.0,1355.2279999999998,0.0,0.0,-1.0,True,0.0
2018-03-25 15:19:17,3311.0,1355.2279999999998,0.0,0.0,-1.0,True,0.0
2018-03-25 15:19:17,3311.0,1355.2279999999998,0.0,0.0,-1.0,True,0.0
2018-03-25 15:19:17,3311.0,1355.2279999999998,0.0,0.0,-1.0,True,0.0
2018-03-25 15:19:17,3311.0,1355.2279999999998,0.0,0.0,-1.0,True,0.0
2018-03-25 15:19:17,3311.0,1355.2279999999998,0.0,0.0,-1.0,True,0.0
2018-03-25 15:19:18,3311.0,1355.2279999999998,0.0,0.0,-1.0,True,0.0
2018-03-25 15:19:18,3311.0,1355.2279999999998,0.0,0.0,-1.0,True,0.0
2018-03-25 15:19:18,3311.0,1355.2279999999998,0.0,0.0,-1.0,True,0.0
2018-03-25 15:19:18,3311.0,1355.2279999999998,0.0,0.0,-1.0,True,0.0
2018-03-25 15:19:18,3311.0,1355.2279999999998,0.0,0.0,-1.0,True,0.0
2018-03-25 15:19:18,3311.0,1355.2279999999998,0.0,0.0,-1.0,True,0.0
2018-03-25 15:19:18,3311.0,1355.2279999999998,0.0,0.0,-1.0,True,0.0
2018-03-25 15:19:18,3311.0,1355.2279999999998,0.0,0.0,-1.0,True,0.0
2018-03-25 15:19:18,3311.0,1355.2279999999998,0.0,0.0,-1.0,True,0.0
2018-03-25 15:19:19,3311.0,1355.2279999999998,0.0,0.0,-1.0,True,0.0
2018-03-25 15:19:19,3311.0,1355.2279999999998,0.0,0.0,-1.0,True,0.0
2018-03-25 15:19:19,3311.0,1355.2279999999998,0.0,0.0,-1.0,True,0.0
2018-03-25 15:19:19,3311.0,1355.2279999999998,0.0,0.0,-1.0,True,0.0
2018-03-25 15:19:19,3311.0,1355.2279999999998,0.0,0.0,-1.0,True,0.0
2018-03-25 15:19:19,3311.0,1355.2279999999998,0.0,0.0,-1.0,True,0.0
2018-03-25 15:19:19,3311.0,1355.2279999999998,0.0,0.0,-1.0,True,0.0
2018-03-25 15:19:19,3311.0,1355.2279999999998,0.0,0.0,-1.0,True,0.0
2018-03-25 15:19:19,3311.0,1355.2279999999998,0.0,0.0,-1.0,True,0.0
2018-03-25 15:19:20,3311.0,1355.2279999999998,0.0,0.0,-1.0,True,0.0
2018-03-25 15:19:20,3311.0,1355.2279999999998,0.0,0.0,-1.0,True,0.0
2018-03-25 15:19:20,3311.0,1355.2279999999998,0.0,0.0,-1.0,True,0.0
2018-03-25 15:19:20,3311.0,1355.2279999999998,0.0,0.0,-1.0,True,0.0
2018-03-25 15:19:20,3311.0,1355.2279999999998,0.0,0.0,-1.0,True,0.0
2018-03-25 15:19:20,3311.0,1355.2279999999998,0.0,0.0,-1.0,True,0.0
2018-03-25 15:19:20,3311.0,1355.2279999999998,0.0,0.0,-1.0,True,0.0
2018-03-25 15:19:20,3311.0,1355.2279999999998,0.0,0.0,-1.0,True,0.0
2018-03-25 15:19:20,3311.0,1355.2279999999998,0.0,0.0,-1.0,True,0.0
2018-03-25 15:19:21,3311.0,1355.2279999999998,0.0,0.0,-1.0,True,0.0
2018-03-25 15:19:21,3311.0,1355.2279999999998,0.0,0.0,-1.0,True,0.0
2018-03-25 15:19:21,3311.0,1355.2279999999998,0.0,0.0,-1.0,True,0.0
2018-03-25 15:19:21,3311.0,1355.2279999999998,0.0,0.0,-1.0,True,0.0
2018-03-25 15:19:21,3311.0,1355.2279999999998,0.0,0.0,-1.0,True,0.0
2018-03-25 15:19:21,3311.0,1355.2279999999998,0.0,0.0,-1.0,True,0.0
2018-03-25 15:19:21,3311.0,1355.2279999999998,0.0,0.0,-1.0,True,0.0
2018-03-25 15:19:21,3311.0,1355.2279999999998,0.0,0.0,-1.0,True,0.0
2018-03-25 15:19:21,3311.0,1355.2279999999998,0.0,0.0,-1.0,True,0.0
2018-03-25 15:19:22,3311.0,1355.2279999999998,0.0,0.0,-1.0,True,0.0
2018-03-25 15:19:22,3311.0,1355.2279999999998,0.0,0.0,-1.0,True,0.0
2018-03-25 15:19:22,3311.0,1355.2279999999998,0.0,0.0,-1.0,True,0.0
2018-03-25 15:19:22,3311.0,1355.2279999999998,0.0,0.0,-1.0,True,0.0
2018-03-25 15:19:22,3311.0,1355.2279999999998,0.0,0.0,-1.0,True,0.0
2018-03-25 15:19:22,3311.0,1355.2279999999998,0.0,0.0,-1.0,True,0.0
2018-03-25 15:19:22,3311.0,1355.2279999999998,0.0,0.0,-1.0,True,0.0
2018-03-25 15:19:22,3311.0,1355.2279999999998,0.0,0.0,-1.0,True,0.0
2018-03-25 15:19:22,3311.0,1355.2279999999998,0.0,0.0,-1.0,True,0.0
2018-03-25 15:19:22,3311.0,1355.2279999999998,0.0,0.0,-1.0,True,0.0
2018-03-25 15:19:23,3311.0,1355.2279999999998,0.0,0.0,-1.0,True,0.0
2018-03-25 15:19:23,3311.0,1355.2279999999998,0.0,0.0,-1.0,True,0.0
2018-03-25 15:19:23,3311.0,1355.2279999999998,0.0,0.0,-1.0,True,0.0
2018-03-25 15:19:23,3311.0,1355.2279999999998,0.0,0.0,-1.0,True,0.0
2018-03-25 15:19:23,3311.0,1355.2279999999998,0.0,0.0,-1.0,True,0.0
2018-03-25 15:19:23,3311.0,1355.2279999999998,0.0,0.0,-1.0,True,0.0
2018-03-25 15:19:23,3311.0,1355.2279999999998,0.0,0.0,-1.0,True,0.0
2018-03-25 15:19:23,3311.0,1355.2279999999998,0.0,0.0,-1.0,True,0.0
2018-03-25 15:19:23,3311.0,1355.2279999999998,0.0,0.0,-1.0,True,0.0
2018-03-25 15:19:24,3311.0,1355.2279999999998,0.0,0.0,-1.0,True,0.0
2018-03-25 15:19:24,3311.0,1355.2279999999998,0.0,0.0,-1.0,True,0.0
2018-03-25 15:19:24,3311.0,1355.2279999999998,0.0,0.0,-1.0,True,0.0
2018-03-25 15:19:24,3311.0,1355.2279999999998,0.0,0.0,-1.0,True,0.0
2018-03-25 15:19:24,3311.0,1355.2279999999998,0.0,0.0,-1.0,True,0.0
2018-03-25 15:19:24,3311.0,1355.2279999999998,0.0,0.0,-1.0,True,0.0
2018-03-25 15:19:24,3311.0,1355.2279999999998,0.0,0.0,-1.0,True,0.0
2018-03-25 15:19:24,3311.0,1355.2279999999998,0.0,0.0,-1.0,True,0.0
2018-03-25 15:19:24,3311.0,1355.2279999999998,0.0,0.0,-1.0,True,0.0
2018-03-25 15:19:25,3311.0,1355.2279999999998,0.0,0.0,-1.0,True,0.0
2018-03-25 15:19:25,3311.0,1355.2279999999998,0.0,0.0,-1.0,True,0.0
2018-03-25 15:19:25,3311.0,1355.2279999999998,0.0,0.0,-1.0,True,0.0
2018-03-25 15:19:25,3311.0,1355.2279999999998,0.0,0.0,-1.0,True,0.0
2018-03-25 15:19:25,3311.0,1355.2279999999998,0.0,0.0,-1.0,True,0.0
2018-03-25 15:19:25,3311.0,1355.2279999999998,0.0,0.0,-1.0,True,0.0
2018-03-25 15:19:25,3311.0,1355.2279999999998,0.0,0.0,-1.0,True,0.0
2018-03-25 15:19:25,3311.0,1355.2279999999998,0.0,0.0,-1.0,True,0.0
2018-03-25 15:19:25,3311.0,1355.2279999999998,0.0,0.0,-1.0,True,0.0
2018-03-25 15:19:26,3311.0,1355.2279999999998,0.0,0.0,-1.0,True,0.0
2018-03-25 15:19:26,3311.0,1355.2279999999998,0.0,0.0,-1.0,True,0.0
2018-03-25 15:19:26,3311.0,1355.2279999999998,0.0,0.0,-1.0,True,0.0
2018-03-25 15:19:26,3311.0,1355.2279999999998,0.0,0.0,-1.0,True,0.0
2018-03-25 15:19:26,3311.0,1355.2279999999998,0.0,0.0,-1.0,True,0.0
2018-03-25 15:19:26,3311.0,1355.2279999999998,0.0,0.0,-1.0,True,0.0
2018-03-25 15:19:26,0.0,0.0,0.0,0.0,1202.0,True,0.0
2018-03-25 15:19:26,3311.0,1355.2279999999998,0.0,0.0,-1.0,True,0.0
2018-03-25 15:19:26,3311.0,1355.2279999999998,0.0,0.0,-1.0,True,0.0
2018-03-25 15:19:27,0.0,0.0,0.0,0.0,1202.0,True,0.0
2018-03-25 15:19:28,0.0,0.0,0.0,0.0,1202.0,True,0.0
2018-03-25 15:19:30,0.0,0.0,0.0,0.0,1202.0,True,0.0
2018-03-25 15:19:32,0.0,0.0,0.0,0.0,1202.0,True,0.0
2018-03-25 15:19:34,0.0,0.0,0.0,0.0,1202.0,True,0.0
2018-03-25 15:19:36,0.0,0.0,0.0,0.0,1202.0,True,0.0
2018-03-25 15:19:38,0.0,0.0,0.0,0.0,1202.0,True,0.0
2018-03-25 15:19:40,0.0,0.0,0.0,0.0,1202.0,True,0.0
2018-03-25 15:19:42,0.0,0.0,0.0,0.0,1202.0,True,0.0
2018-03-25 15:19:44,0.0,0.0,0.0,0.0,1202.0,True,0.0
2018-03-25 15:19:46,0.0,0.0,0.0,0.0,1202.0,True,0.0
2018-03-25 15:19:48,0.0,0.0,0.0,0.0,1202.0,True,0.0
2018-03-25 15:19:50,0.0,0.0,0.0,0.0,1202.0,True,0.0
2018-03-25 15:19:52,0.0,0.0,0.0,0.0,1202.0,True,0.0
2018-03-25 15:19:54,0.0,0.0,0.0,0.0,1202.0,True,0.0
2018-03-25 15:19:56,0.0,0.0,0.0,0.0,1202.0,True,0.0
2018-03-25 15:19:58,0.0,0.0,0.0,0.0,1202.0,True,0.0
2018-03-25 15:20:00,0.0,0.0,0.0,0.0,1202.0,True,0.0
2018-03-25 15:20:03,15.0,3.52,0.0,1.0,1202.0,True,0.0
2018-03-25 15:20:04,15.0,3.52,0.0,1.0,1202.0,True,0.0
2018-03-25 15:20:06,15.0,3.52,0.0,1.0,1202.0,True,1790.0
2018-03-25 15:20:08,15.0,3.52,0.0,1.0,1202.0,True,1790.0
2018-03-25 15:20:10,15.0,3.52,0.0,1.0,1202.0,True,1790.0
2018-03-25 15:20:12,15.0,3.52,0.0,1.0,1202.0,True,1790.0
2018-03-25 15:20:14,15.0,3.52,0.0,1.0,1202.0,False,53.3
2018-03-25 15:20:16,15.0,3.52,0.0,1.0,1202.0,False,53.3
2018-03-25 15:20:18,15.0,3.52,0.0,1.0,1202.0,False,53.3
2018-03-25 15:20:20,15.0,3.52,0.0,1.0,1202.0,False,53.3
2018-03-25 15:20:22,15.0,3.52,0.0,1.0,1202.0,False,53.3
2018-03-25 15:20:24,15.0,3.52,0.0,1.0,1202.0,False,53.3
2018-03-25 15:20:26,15.0,3.52,0.0,1.0,1202.0,False,53.3
2018-03-25 15:20:28,15.0,3.52,0.0,1.0,1202.0,False,53.3
2018-03-25 15:20:30,15.0,3.52,0.0,1.0,1202.0,False,53.3
2018-03-25 15:20:33,112.0,48.062,0.0,3.0,6787.0,False,53.3
2018-03-25 15:20:34,112.0,48.062,0.0,3.0,6787.0,False,53.3
2018-03-25 15:20:36,112.0,48.062,0.0,3.0,6787.0,True,0.0
2018-03-25 15:20:38,112.0,48.062,0.0,3.0,6787.0,True,0.0
2018-03-25 15:20:40,112.0,48.062,0.0,3.0,6787.0,True,0.0
2018-03-25 15:20:42,112.0,48.062,0.0,3.0,6787.0,True,0.0
2018-03-25 15:20:44,112.0,48.062,0.0,3.0,6787.0,True,0.0
2018-03-25 15:20:46,0.0,0.0,0.0,4.0,391.0,True,0.0
2018-03-25 15:20:48,0.0,0.0,0.0,4.0,391.0,True,0.0
2018-03-25 15:20:50,0.0,0.0,0.0,4.0,391.0,True,0.0
2018-03-25 15:20:52,0.0,0.0,0.0,4.0,391.0,True,0.0
2018-03-25 15:20:54,0.0,0.0,0.0,4.0,391.0,True,0.0
2018-03-25 15:20:56,0.0,0.0,0.0,4.0,391.0,True,0.0
2018-03-25 15:20:58,0.0,0.0,0.0,4.0,391.0,True,0.0
2018-03-25 15:21:00,0.0,0.0,0.0,4.0,391.0,True,0.0
2018-03-25 15:21:02,0.0,0.0,0.0,4.0,391.0,True,0.0
2018-03-25 15:21:04,0.0,0.0,0.0,4.0,391.0,True,0.0
2018-03-25 15:21:06,0.0,0.0,0.0,4.0,391.0,True,0.0
2018-03-25 15:21:08,0.0,0.0,0.0,4.0,391.0,True,0.0
2018-03-25 15:21:10,0.0,0.0,0.0,4.0,391.0,True,0.0
2018-03-25 15:21:12,0.0,0.0,0.0,4.0,391.0,True,0.0
2018-03-25 15:21:14,0.0,0.0,0.0,4.0,391.0,True,0.0
2018-03-25 15:21:16,0.0,0.0,0.0,4.0,391.0,True,0.0
2018-03-25 15:21:18,0.0,0.0,0.0,4.0,391.0,True,0.0
2018-03-25 15:21:20,0.0,0.0,0.0,4.0,391.0,True,0.0
2018-03-25 15:21:22,0.0,0.0,0.0,4.0,391.0,True,0.0
2018-03-25 15:21:24,30.0,11.128,0.0,5.0,391.0,True,0.0
2018-03-25 15:21:26,30.0,11.128,0.0,5.0,391.0,True,0.0
2018-03-25 15:21:28,30.0,11.128,0.0,5.0,391.0,True,0.0
2018-03-25 15:21:30,30.0,11.128,0.0,5.0,391.0,True,0.0
2018-03-25 15:21:32,30.0,11.128,0.0,5.0,391.0,True,0.0
2018-03-25 15:21:34,25.0,10.68,0.0,6.0,671.0,True,38.0
2018-03-25 15:21:36,25.0,10.68,0.0,6.0,671.0,True,38.0
2018-03-25 15:21:38,25.0,10.68,0.0,6.0,671.0,True,38.0
2018-03-25 15:21:40,25.0,10.68,0.0,6.0,671.0,True,38.0
2018-03-25 15:21:42,25.0,10.68,0.0,6.0,671.0,True,38.0
2018-03-25 15:21:44,0.0,0.0,0.0,6.0,671.0,True,38.0
2018-03-25 15:21:46,0.0,0.0,0.0,6.0,671.0,True,38.0
2018-03-25 15:21:48,0.0,0.0,0.0,6.0,671.0,True,38.0
2018-03-25 15:21:50,0.0,0.0,0.0,6.0,671.0,True,38.0
2018-03-25 15:21:53,0.0,0.0,0.0,6.0,671.0,True,38.0
2018-03-25 15:21:54,0.0,0.0,0.0,6.0,671.0,True,38.0
2018-03-25 15:21:56,0.0,0.0,0.0,6.0,671.0,True,0.0
2018-03-25 15:21:58,0.0,0.0,0.0,6.0,671.0,True,0.0
2018-03-25 15:22:00,0.0,0.0,0.0,6.0,671.0,True,0.0
2018-03-25 15:22:02,0.0,0.0,0.0,6.0,671.0,True,0.0
2018-03-25 15:22:04,0.0,0.0,0.0,6.0,671.0,True,0.0
2018-03-25 15:22:06,0.0,0.0,0.0,6.0,640.0,True,0.0
2018-03-25 15:22:08,0.0,0.0,0.0,6.0,640.0,True,0.0
2018-03-25 15:22:10,0.0,0.0,0.0,6.0,640.0,True,0.0
2018-03-25 15:22:12,0.0,0.0,0.0,6.0,640.0,True,0.0
2018-03-25 15:22:14,0.0,0.0,0.0,6.0,640.0,True,0.0
2018-03-25 15:22:16,0.0,0.0,0.0,6.0,640.0,True,0.0
2018-03-25 15:22:18,0.0,0.0,0.0,6.0,640.0,True,0.0
2018-03-25 15:22:20,0.0,0.0,0.0,6.0,640.0,True,0.0
2018-03-25 15:22:22,0.0,0.0,0.0,6.0,640.0,True,0.0
2018-03-25 15:22:24,0.0,0.0,0.0,6.0,640.0,True,0.0
2018-03-25 15:22:26,0.0,0.0,0.0,6.0,640.0,True,0.0
2018-03-25 15:22:28,0.0,0.0,0.0,6.0,640.0,True,0.0
2018-03-25 15:22:30,0.0,0.0,0.0,6.0,640.0,True,0.0
2018-03-25 15:22:32,0.0,0.0,0.0,6.0,640.0,True,0.0
2018-03-25 15:22:34,0.0,0.0,0.0,6.0,609.0,True,38.0
2018-03-25 15:22:36,0.0,0.0,0.0,6.0,609.0,True,38.0
2018-03-25 15:22:38,0.0,0.0,0.0,6.0,609.0,True,38.0
2018-03-25 15:22:40,0.0,0.0,0.0,6.0,609.0,True,38.0
2018-03-25 15:22:42,0.0,0.0,0.0,6.0,609.0,True,38.0
2018-03-25 15:22:44,0.0,0.0,0.0,6.0,609.0,True,38.0
2018-03-25 15:22:46,0.0,0.0,0.0,6.0,609.0,True,38.0
2018-03-25 15:22:48,0.0,0.0,0.0,6.0,609.0,True,38.0
2018-03-25 15:22:50,0.0,0.0,0.0,6.0,609.0,True,38.0
2018-03-25 15:22:52,0.0,0.0,0.0,6.0,609.0,True,38.0
2018-03-25 15:22:54,0.0,0.0,0.0,6.0,609.0,True,38.0
2018-03-25 15:22:56,0.0,0.0,0.0,6.0,609.0,True,38.0
2018-03-25 15:22:58,0.0,0.0,0.0,6.0,609.0,True,38.0
2018-03-25 15:23:00,0.0,0.0,0.0,6.0,609.0,True,38.0
2018-03-25 15:23:02,0.0,0.0,0.0,6.0,609.0,True,38.0
2018-03-25 15:23:04,0.0,0.0,0.0,6.0,609.0,True,38.0
2018-03-25 15:23:06,0.0,0.0,0.0,6.0,609.0,True,38.0
2018-03-25 15:23:08,0.0,0.0,0.0,6.0,609.0,True,38.0
2018-03-25 15:23:10,0.0,0.0,0.0,6.0,609.0,True,38.0
2018-03-25 15:23:12,0.0,0.0,0.0,6.0,609.0,True,38.0
2018-03-25 15:23:14,0.0,0.0,0.0,6.0,609.0,True,38.0
2018-03-25 15:23:16,0.0,0.0,0.0,6.0,609.0,True,38.0
2018-03-25 15:23:18,0.0,0.0,0.0,6.0,609.0,True,38.0
2018-03-25 15:23:20,0.0,0.0,0.0,6.0,609.0,True,38.0
2018-03-25 15:23:22,0.0,0.0,0.0,6.0,609.0,True,38.0
2018-03-25 15:23:24,0.0,0.0,0.0,6.0,609.0,True,38.0
2018-03-25 15:23:26,0.0,0.0,0.0,6.0,609.0,True,38.0
2018-03-25 15:23:28,0.0,0.0,0.0,6.0,609.0,True,38.0
2018-03-25 15:23:30,0.0,0.0,0.0,6.0,609.0,True,38.0
2018-03-25 15:23:32,0.0,0.0,0.0,6.0,609.0,True,38.0
2018-03-25 15:23:34,0.0,0.0,0.0,6.0,609.0,True,38.0
2018-03-25 15:23:36,0.0,0.0,0.0,6.0,609.0,True,38.0
2018-03-25 15:23:38,0.0,0.0,0.0,6.0,609.0,True,38.0
2018-03-25 15:23:40,0.0,0.0,0.0,6.0,609.0,True,38.0
2018-03-25 15:23:42,0.0,0.0,0.0,6.0,609.0,True,38.0
2018-03-25 15:23:44,0.0,0.0,0.0,6.0,609.0,True,38.0
2018-03-25 15:23:46,0.0,0.0,0.0,6.0,609.0,True,38.0
2018-03-25 15:23:48,0.0,0.0,0.0,6.0,609.0,True,38.0
2018-03-25 15:23:50,0.0,0.0,0.0,6.0,609.0,True,38.0
2018-03-25 15:23:52,0.0,0.0,0.0,6.0,609.0,True,38.0
2018-03-25 15:23:54,0.0,0.0,0.0,6.0,609.0,True,38.0
2018-03-25 15:23:56,0.0,0.0,0.0,6.0,609.0,True,38.0
2018-03-25 15:23:58,0.0,0.0,0.0,6.0,609.0,True,38.0
2018-03-25 15:24:00,0.0,0.0,0.0,6.0,609.0,True,38.0
2018-03-25 15:24:02,0.0,0.0,0.0,6.0,609.0,True,38.0
2018-03-25 15:24:04,0.0,0.0,0.0,6.0,609.0,True,38.0
2018-03-25 15:24:06,0.0,0.0,0.0,6.0,609.0,True,0.0
2018-03-25 15:24:08,0.0,0.0,0.0,6.0,609.0,True,0.0
2018-03-25 15:24:10,0.0,0.0,0.0,6.0,609.0,True,0.0
2018-03-25 15:24:12,0.0,0.0,0.0,6.0,609.0,True,0.0
2018-03-25 15:24:14,0.0,0.0,0.0,6.0,609.0,True,0.0
2018-03-25 15:24:16,0.0,0.0,0.0,6.0,562.0,True,0.0
2018-03-25 15:24:18,0.0,0.0,0.0,6.0,562.0,True,0.0
2018-03-25 15:24:20,0.0,0.0,0.0,6.0,562.0,True,0.0
2018-03-25 15:24:22,0.0,0.0,0.0,6.0,562.0,True,0.0
2018-03-25 15:24:24,0.0,0.0,0.0,6.0,1561.0,True,29.0
2018-03-25 15:24:26,0.0,0.0,0.0,6.0,1561.0,True,15.0
2018-03-25 15:24:28,0.0,0.0,0.0,6.0,1561.0,True,15.0
2018-03-25 15:24:30,0.0,0.0,0.0,6.0,1561.0,True,19.0
2018-03-25 15:24:32,0.0,0.0,0.0,6.0,1561.0,True,19.0
2018-03-25 15:24:35,5.0,2.8280000000000003,0.0,6.0,359.0,True,19.0
2018-03-25 15:24:37,4.0,2.7039999999999997,0.0,6.0,188.0,True,19.0
2018-03-25 15:24:39,6.0,4.48,0.0,6.0,235.0,True,18.0
2018-03-25 15:24:40,6.0,4.48,0.0,6.0,235.0,True,18.0
2018-03-25 15:24:42,6.0,4.48,0.0,6.0,235.0,True,1.0
2018-03-25 15:24:44,0.0,0.0,0.0,6.0,671.0,True,1.0
2018-03-25 15:24:46,0.0,0.0,0.0,6.0,671.0,True,1.0
2018-03-25 15:24:48,0.0,0.0,0.0,6.0,671.0,True,1.0
2018-03-25 15:24:50,0.0,0.0,0.0,6.0,671.0,True,1.0
2018-03-25 15:24:52,0.0,0.0,0.0,6.0,671.0,True,1.0
2018-03-25 15:24:55,3.0,2.5380000000000003,0.0,6.0,952.0,True,1.0
2018-03-25 15:24:56,3.0,2.5380000000000003,0.0,6.0,952.0,True,1.0
2018-03-25 15:24:58,3.0,2.5380000000000003,0.0,6.0,952.0,False,288.3
2018-03-25 15:25:00,3.0,2.5380000000000003,0.0,6.0,952.0,True,226.0
2018-03-25 15:25:02,3.0,2.5380000000000003,0.0,6.0,952.0,True,226.0
2018-03-25 15:25:04,3.0,2.5380000000000003,0.0,6.0,952.0,True,226.0
2018-03-25 15:25:07,0.0,0.0,0.0,6.0,6334.0,True,424.0
2018-03-25 15:25:08,0.0,0.0,0.0,6.0,6334.0,True,0.0
2018-03-25 15:25:10,0.0,0.0,0.0,6.0,6334.0,True,0.0
2018-03-25 15:25:12,0.0,0.0,0.0,6.0,6334.0,True,0.0
2018-03-25 15:25:14,0.0,0.0,0.0,6.0,6334.0,True,0.0
2018-03-25 15:25:16,0.0,0.0,0.0,6.0,6334.0,True,0.0
2018-03-25 15:25:19,2.0,1.442,0.0,6.0,749.0,True,38.0
2018-03-25 15:25:20,2.0,1.442,0.0,6.0,749.0,True,38.0
2018-03-25 15:25:22,2.0,1.442,0.0,6.0,749.0,True,38.0
2018-03-25 15:25:24,2.0,1.442,0.0,6.0,749.0,True,38.0
2018-03-25 15:25:26,2.0,1.442,0.0,6.0,749.0,True,38.0
2018-03-25 15:25:28,0.0,0.0,0.0,6.0,749.0,True,38.0
2018-03-25 15:25:30,0.0,0.0,0.0,6.0,749.0,True,144.0
2018-03-25 15:25:32,0.0,0.0,0.0,6.0,749.0,True,156.0
2018-03-25 15:25:35,0.0,0.0,0.0,6.0,375.0,True,148.0
2018-03-25 15:25:36,0.0,0.0,0.0,6.0,375.0,True,148.0
2018-03-25 15:25:38,0.0,0.0,0.0,6.0,375.0,True,148.0
2018-03-25 15:25:40,0.0,0.0,0.0,6.0,375.0,True,121.0
2018-03-25 15:25:42,0.0,0.0,0.0,6.0,375.0,True,150.0
2018-03-25 15:25:44,0.0,0.0,0.0,6.0,375.0,True,130.0
2018-03-25 15:25:46,0.0,0.0,0.0,6.0,375.0,True,222.0
2018-03-25 15:25:48,0.0,0.0,0.0,6.0,375.0,True,178.0
2018-03-25 15:25:50,0.0,0.0,0.0,6.0,375.0,True,158.0
2018-03-25 15:25:52,0.0,0.0,0.0,6.0,375.0,True,158.0
2018-03-25 15:25:54,0.0,0.0,0.0,6.0,375.0,True,158.0
2018-03-25 15:25:56,0.0,0.0,0.0,6.0,375.0,True,158.0
2018-03-25 15:25:58,16.0,9.192,0.0,6.0,6771.0,False,635.8
2018-03-25 15:26:00,35.0,21.128,0.0,6.0,359.0,True,646.0
2018-03-25 15:26:02,35.0,21.128,0.0,6.0,359.0,True,646.0
2018-03-25 15:26:04,99.0,61.192,0.0,6.0,1420.0,True,683.0
2018-03-25 15:26:06,99.0,61.192,0.0,6.0,1420.0,True,38.0
2018-03-25 15:26:08,99.0,61.192,0.0,6.0,1420.0,True,38.0
2018-03-25 15:26:10,99.0,61.192,0.0,6.0,1420.0,True,38.0
2018-03-25 15:26:12,99.0,61.192,0.0,6.0,1420.0,True,38.0
2018-03-25 15:26:14,99.0,61.192,0.0,6.0,1420.0,True,38.0
2018-03-25 15:26:16,0.0,0.0,0.0,6.0,1826.0,True,38.0
2018-03-25 15:26:18,0.0,0.0,0.0,6.0,1826.0,True,38.0
2018-03-25 15:26:20,0.0,0.0,0.0,6.0,1826.0,True,38.0
2018-03-25 15:26:22,0.0,0.0,0.0,6.0,1826.0,True,38.0
2018-03-25 15:26:24,0.0,0.0,0.0,6.0,1826.0,True,38.0
2018-03-25 15:26:26,0.0,0.0,0.0,6.0,1826.0,True,38.0
2018-03-25 15:26:28,0.0,0.0,0.0,6.0,1826.0,True,38.0
2018-03-25 15:26:30,0.0,0.0,0.0,6.0,1826.0,True,38.0
2018-03-25 15:26:32,0.0,0.0,0.0,6.0,1826.0,True,38.0
2018-03-25 15:26:34,0.0,0.0,0.0,6.0,1826.0,True,38.0
2018-03-25 15:26:36,0.0,0.0,0.0,6.0,1826.0,True,0.0
2018-03-25 15:26:38,0.0,0.0,0.0,6.0,1826.0,True,0.0
2018-03-25 15:26:40,0.0,0.0,0.0,6.0,1826.0,True,0.0
2018-03-25 15:26:42,0.0,0.0,0.0,6.0,1826.0,True,0.0
2018-03-25 15:26:44,0.0,0.0,0.0,6.0,1826.0,True,0.0
2018-03-25 15:26:46,0.0,0.0,0.0,6.0,640.0,True,0.0
2018-03-25 15:26:49,0.0,0.0,0.0,6.0,765.0,True,38.0
2018-03-25 15:26:50,0.0,0.0,0.0,6.0,765.0,True,38.0
2018-03-25 15:26:52,0.0,0.0,0.0,6.0,765.0,True,38.0
2018-03-25 15:26:54,0.0,0.0,0.0,6.0,765.0,True,38.0
2018-03-25 15:26:56,0.0,0.0,0.0,6.0,765.0,True,38.0
2018-03-25 15:26:59,0.0,0.0,0.0,6.0,765.0,True,38.0
2018-03-25 15:27:00,0.0,0.0,0.0,6.0,765.0,True,38.0
2018-03-25 15:27:02,0.0,0.0,0.0,6.0,765.0,True,38.0
2018-03-25 15:27:04,0.0,0.0,0.0,6.0,765.0,True,38.0
2018-03-25 15:27:06,0.0,0.0,0.0,6.0,765.0,True,0.0
2018-03-25 15:27:08,0.0,0.0,0.0,6.0,765.0,True,0.0
2018-03-25 15:27:10,0.0,0.0,0.0,6.0,765.0,True,0.0
2018-03-25 15:27:12,0.0,0.0,0.0,6.0,765.0,True,0.0
2018-03-25 15:27:14,0.0,0.0,0.0,6.0,765.0,True,0.0
2018-03-25 15:27:16,0.0,0.0,0.0,6.0,547.0,True,0.0
2018-03-25 15:27:18,0.0,0.0,0.0,6.0,547.0,True,0.0
2018-03-25 15:27:20,0.0,0.0,0.0,6.0,547.0,False,379.7
2018-03-25 15:27:22,0.0,0.0,0.0,6.0,547.0,False,379.7
2018-03-25 15:27:24,0.0,0.0,0.0,6.0,547.0,False,379.7
2018-03-25 15:27:26,12.0,9.328,0.0,6.0,4587.0,False,824.5
2018-03-25 15:27:28,12.0,9.328,0.0,6.0,4587.0,False,824.5
2018-03-25 15:27:30,12.0,9.328,0.0,6.0,4587.0,False,824.5
2018-03-25 15:27:32,12.0,9.328,0.0,6.0,4587.0,False,824.5
2018-03-25 15:27:34,12.0,9.328,0.0,6.0,4587.0,False,824.5
2018-03-25 15:27:36,12.0,9.328,0.0,6.0,4587.0,False,824.5
2018-03-25 15:27:38,12.0,9.328,0.0,6.0,4587.0,False,155.3
2018-03-25 15:27:40,12.0,9.328,0.0,6.0,4587.0,False,155.3
2018-03-25 15:27:42,12.0,9.328,0.0,6.0,4587.0,False,155.3
2018-03-25 15:27:45,12.0,9.328,0.0,6.0,4587.0,True,0.0
2018-03-25 15:27:46,12.0,9.328,0.0,6.0,4587.0,True,0.0
2018-03-25 15:27:48,12.0,9.328,0.0,6.0,4587.0,True,0.0
2018-03-25 15:27:50,0.0,0.0,0.0,6.0,765.0,True,38.0
2018-03-25 15:27:52,0.0,0.0,0.0,6.0,765.0,True,38.0
2018-03-25 15:27:54,0.0,0.0,0.0,6.0,765.0,True,38.0
2018-03-25 15:27:56,0.0,0.0,0.0,6.0,765.0,True,38.0
2018-03-25 15:27:58,0.0,0.0,0.0,6.0,765.0,True,38.0
2018-03-25 15:28:00,0.0,0.0,0.0,6.0,765.0,True,279.0
2018-03-25 15:28:02,0.0,0.0,0.0,6.0,765.0,True,232.0
2018-03-25 15:28:04,0.0,0.0,0.0,6.0,765.0,True,232.0
2018-03-25 15:28:06,0.0,0.0,0.0,6.0,765.0,False,172.2
2018-03-25 15:28:08,0.0,0.0,0.0,6.0,765.0,True,0.0
2018-03-25 15:28:10,0.0,0.0,0.0,6.0,765.0,True,127.0
2018-03-25 15:28:12,0.0,0.0,0.0,6.0,765.0,True,127.0
2018-03-25 15:28:14,44.0,24.125999999999998,0.0,6.0,2731.0,True,182.0
2018-03-25 15:28:16,44.0,24.125999999999998,0.0,6.0,2731.0,True,182.0
2018-03-25 15:28:18,44.0,24.125999999999998,0.0,6.0,2731.0,True,182.0
2018-03-25 15:28:20,44.0,24.125999999999998,0.0,6.0,2731.0,True,143.0
2018-03-25 15:28:22,44.0,24.125999999999998,0.0,6.0,2731.0,True,143.0
2018-03-25 15:28:24,44.0,24.125999999999998,0.0,6.0,2731.0,True,143.0
2018-03-25 15:28:26,44.0,24.125999999999998,0.0,6.0,2731.0,True,137.0
2018-03-25 15:28:28,8.0,6.914,0.0,6.0,250.0,True,143.0
2018-03-25 15:28:30,8.0,6.914,0.0,6.0,250.0,True,143.0
2018-03-25 15:28:32,8.0,6.914,0.0,6.0,250.0,True,143.0
2018-03-25 15:28:34,8.0,6.914,0.0,6.0,250.0,True,122.0
2018-03-25 15:28:36,8.0,6.914,0.0,6.0,250.0,True,122.0
2018-03-25 15:28:38,8.0,6.914,0.0,6.0,250.0,True,122.0
2018-03-25 15:28:40,8.0,6.914,0.0,6.0,250.0,True,122.0
2018-03-25 15:28:42,8.0,6.914,0.0,6.0,250.0,True,122.0
2018-03-25 15:28:44,8.0,6.914,0.0,6.0,250.0,True,122.0
2018-03-25 15:28:46,8.0,6.914,0.0,6.0,250.0,True,122.0
2018-03-25 15:28:48,8.0,6.914,0.0,6.0,250.0,True,122.0
2018-03-25 15:28:50,8.0,6.914,0.0,6.0,250.0,True,122.0
2018-03-25 15:28:52,8.0,6.914,0.0,6.0,250.0,True,122.0
2018-03-25 15:28:54,8.0,6.914,0.0,6.0,250.0,True,122.0
2018-03-25 15:28:56,8.0,6.914,0.0,6.0,250.0,True,122.0
2018-03-25 15:28:58,8.0,6.914,0.0,6.0,250.0,True,122.0
2018-03-25 15:29:00,8.0,6.914,0.0,6.0,250.0,True,122.0
2018-03-25 15:29:02,8.0,6.914,0.0,6.0,250.0,True,122.0
2018-03-25 15:29:04,8.0,6.914,0.0,6.0,250.0,True,122.0
2018-03-25 15:29:06,8.0,6.914,0.0,6.0,250.0,True,122.0
2018-03-25 15:29:08,8.0,6.914,0.0,6.0,250.0,True,122.0
2018-03-25 15:29:10,8.0,6.914,0.0,6.0,250.0,True,122.0
2018-03-25 15:29:12,8.0,6.914,0.0,6.0,250.0,True,122.0
2018-03-25 15:29:14,8.0,6.914,0.0,6.0,250.0,True,122.0
2018-03-25 15:29:16,8.0,6.914,0.0,6.0,250.0,True,122.0
2018-03-25 15:29:18,8.0,6.914,0.0,6.0,250.0,True,122.0
2018-03-25 15:29:20,8.0,6.914,0.0,6.0,250.0,True,122.0
2018-03-25 15:29:22,8.0,6.914,0.0,6.0,250.0,True,122.0
2018-03-25 15:29:24,8.0,6.914,0.0,6.0,250.0,True,122.0
2018-03-25 15:29:26,8.0,6.914,0.0,6.0,250.0,True,122.0
2018-03-25 15:29:28,8.0,6.914,0.0,6.0,250.0,True,122.0
2018-03-25 15:29:30,8.0,6.914,0.0,6.0,250.0,True,122.0
2018-03-25 15:29:32,8.0,6.914,0.0,6.0,250.0,True,122.0
2018-03-25 15:29:34,8.0,6.914,0.0,6.0,250.0,True,122.0
2018-03-25 15:29:36,8.0,6.914,0.0,6.0,250.0,True,122.0
2018-03-25 15:29:38,8.0,6.914,0.0,6.0,250.0,True,122.0
2018-03-25 15:29:40,8.0,6.914,0.0,6.0,250.0,True,122.0
2018-03-25 15:29:42,8.0,6.914,0.0,6.0,250.0,True,122.0
2018-03-25 15:29:44,8.0,6.914,0.0,6.0,250.0,True,122.0
2018-03-25 15:29:46,8.0,6.914,0.0,6.0,250.0,True,122.0
2018-03-25 15:29:48,8.0,6.914,0.0,6.0,250.0,True,122.0
2018-03-25 15:29:50,8.0,6.914,0.0,6.0,250.0,True,122.0
2018-03-25 15:29:52,8.0,6.914,0.0,6.0,250.0,True,122.0
2018-03-25 15:29:54,8.0,6.914,0.0,6.0,250.0,True,122.0
2018-03-25 15:29:56,8.0,6.914,0.0,6.0,250.0,True,122.0
2018-03-25 15:29:58,8.0,6.914,0.0,6.0,250.0,True,122.0
2018-03-25 15:30:01,8.0,6.914,0.0,6.0,250.0,True,122.0
2018-03-25 15:30:02,8.0,6.914,0.0,6.0,250.0,True,122.0
2018-03-25 15:30:04,8.0,6.914,0.0,6.0,250.0,True,122.0
2018-03-25 15:30:07,0.0,0.0,0.0,6.0,-1.0,True,122.0
2018-03-25 15:30:08,0.0,0.0,0.0,6.0,-1.0,True,122.0
2018-03-25 15:30:10,0.0,0.0,0.0,6.0,-1.0,True,122.0
2018-03-25 15:30:12,0.0,0.0,0.0,6.0,-1.0,True,122.0
2018-03-25 15:30:14,0.0,0.0,0.0,6.0,-1.0,True,122.0
2018-03-25 15:30:16,0.0,0.0,0.0,6.0,-1.0,True,122.0
2018-03-25 15:30:19,0.0,0.0,0.0,6.0,671.0,True,38.0
2018-03-25 15:30:20,0.0,0.0,0.0,6.0,671.0,True,38.0
2018-03-25 15:30:22,0.0,0.0,0.0,6.0,671.0,True,38.0
2018-03-25 15:30:24,0.0,0.0,0.0,6.0,671.0,True,38.0
2018-03-25 15:30:26,0.0,0.0,0.0,6.0,671.0,True,38.0
2018-03-25 15:30:28,0.0,0.0,0.0,6.0,671.0,True,38.0
2018-03-25 15:30:30,0.0,0.0,0.0,6.0,671.0,True,38.0
2018-03-25 15:30:32,0.0,0.0,0.0,6.0,671.0,True,38.0
2018-03-25 15:30:34,0.0,0.0,0.0,6.0,671.0,True,38.0
2018-03-25 15:30:36,0.0,0.0,0.0,6.0,671.0,True,38.0
2018-03-25 15:30:38,0.0,0.0,0.0,6.0,671.0,True,38.0
2018-03-25 15:30:40,0.0,0.0,0.0,6.0,671.0,True,38.0
2018-03-25 15:30:42,0.0,0.0,0.0,6.0,671.0,True,38.0
2018-03-25 15:30:44,0.0,0.0,0.0,6.0,671.0,True,38.0
2018-03-25 15:30:46,0.0,0.0,0.0,6.0,671.0,True,0.0
2018-03-25 15:30:48,0.0,0.0,0.0,6.0,671.0,True,0.0
2018-03-25 15:30:50,0.0,0.0,0.0,6.0,671.0,True,0.0
2018-03-25 15:30:52,0.0,0.0,0.0,6.0,671.0,True,0.0
2018-03-25 15:30:55,0.0,0.0,0.0,6.0,640.0,True,0.0
2018-03-25 15:30:56,0.0,0.0,0.0,6.0,640.0,True,0.0
2018-03-25 15:30:58,0.0,0.0,0.0,6.0,640.0,True,0.0
2018-03-25 15:31:00,0.0,0.0,0.0,6.0,640.0,True,0.0
2018-03-25 15:31:02,0.0,0.0,0.0,6.0,640.0,True,0.0
2018-03-25 15:31:04,0.0,0.0,0.0,6.0,2621.0,True,107.0
2018-03-25 15:31:06,0.0,0.0,0.0,6.0,2621.0,True,107.0
2018-03-25 15:31:08,22.0,12.004000000000001,0.0,6.0,359.0,True,121.0
2018-03-25 15:31:10,22.0,12.004000000000001,0.0,6.0,359.0,True,98.0
2018-03-25 15:31:12,5.0,4.604,0.0,6.0,1171.0,True,151.0
2018-03-25 15:31:14,5.0,4.604,0.0,6.0,1171.0,True,138.0
2018-03-25 15:31:16,5.0,4.604,0.0,6.0,1171.0,True,113.0
2018-03-25 15:31:18,5.0,4.604,0.0,6.0,1171.0,True,113.0
2018-03-25 15:31:20,26.0,20.851999999999997,0.0,6.0,2637.0,True,129.0
2018-03-25 15:31:22,26.0,20.851999999999997,0.0,6.0,2637.0,True,129.0
2018-03-25 15:31:24,26.0,20.851999999999997,0.0,6.0,2637.0,True,129.0
2018-03-25 15:31:26,26.0,20.851999999999997,0.0,6.0,2637.0,True,116.0
2018-03-25 15:31:28,26.0,20.851999999999997,0.0,6.0,2637.0,True,0.0
2018-03-25 15:31:30,26.0,20.851999999999997,0.0,6.0,2637.0,True,0.0
2018-03-25 15:31:32,26.0,20.851999999999997,0.0,6.0,2637.0,True,0.0
2018-03-25 15:31:34,26.0,20.851999999999997,0.0,6.0,2637.0,True,0.0
2018-03-25 15:31:36,26.0,20.851999999999997,0.0,6.0,2637.0,True,0.0
2018-03-25 15:31:38,0.0,0.0,0.0,6.0,843.0,True,0.0
2018-03-25 15:31:40,0.0,0.0,0.0,6.0,843.0,True,0.0
2018-03-25 15:31:42,0.0,0.0,0.0,6.0,843.0,True,0.0
2018-03-25 15:31:44,0.0,0.0,0.0,6.0,843.0,True,0.0
2018-03-25 15:31:46,0.0,0.0,0.0,6.0,843.0,True,0.0
2018-03-25 15:31:48,0.0,0.0,0.0,6.0,843.0,True,0.0
2018-03-25 15:31:50,0.0,0.0,0.0,6.0,843.0,True,0.0
2018-03-25 15:31:52,0.0,0.0,0.0,6.0,843.0,True,0.0
2018-03-25 15:31:54,0.0,0.0,0.0,6.0,843.0,True,0.0
2018-03-25 15:31:56,0.0,0.0,0.0,6.0,843.0,True,0.0
2018-03-25 15:31:58,8.0,2.7760000000000002,0.0,6.0,843.0,True,0.0
2018-03-25 15:32:00,8.0,2.7760000000000002,0.0,6.0,843.0,True,0.0
2018-03-25 15:32:02,8.0,2.7760000000000002,0.0,6.0,843.0,True,0.0
2018-03-25 15:32:05,0.0,0.0,0.0,6.0,3932.0,True,148.0
2018-03-25 15:32:06,0.0,0.0,0.0,6.0,1015.0,True,215.0
2018-03-25 15:32:08,0.0,0.0,0.0,6.0,1015.0,True,215.0
2018-03-25 15:32:10,0.0,0.0,0.0,6.0,1015.0,False,170.5
2018-03-25 15:32:12,0.0,0.0,0.0,6.0,1015.0,False,170.5
2018-03-25 15:32:14,0.0,0.0,0.0,6.0,1015.0,True,0.0
2018-03-25 15:32:16,0.0,0.0,0.0,6.0,1015.0,True,0.0
2018-03-25 15:32:18,0.0,0.0,0.0,6.0,1015.0,True,0.0
2018-03-25 15:32:20,0.0,0.0,0.0,6.0,1015.0,True,0.0
2018-03-25 15:32:22,0.0,0.0,0.0,6.0,1015.0,True,0.0
2018-03-25 15:32:24,0.0,0.0,0.0,6.0,890.0,True,0.0
2018-03-25 15:32:26,0.0,0.0,0.0,6.0,890.0,True,0.0
2018-03-25 15:32:28,0.0,0.0,0.0,6.0,890.0,True,0.0
2018-03-25 15:32:30,0.0,0.0,0.0,6.0,890.0,True,0.0
2018-03-25 15:32:32,0.0,0.0,0.0,6.0,890.0,True,0.0
2018-03-25 15:32:34,0.0,0.0,0.0,6.0,890.0,True,0.0
2018-03-25 15:32:36,0.0,0.0,0.0,6.0,890.0,True,0.0
2018-03-25 15:32:38,0.0,0.0,0.0,6.0,890.0,True,0.0
2018-03-25 15:32:40,0.0,0.0,0.0,6.0,890.0,True,0.0
2018-03-25 15:32:42,0.0,0.0,0.0,6.0,890.0,True,0.0
2018-03-25 15:32:44,0.0,0.0,0.0,6.0,890.0,True,0.0
2018-03-25 15:32:46,0.0,0.0,0.0,6.0,890.0,True,0.0
2018-03-25 15:32:48,0.0,0.0,0.0,6.0,890.0,True,0.0
2018-03-25 15:32:50,0.0,0.0,0.0,6.0,890.0,True,0.0
2018-03-25 15:32:52,0.0,0.0,0.0,6.0,890.0,True,0.0
2018-03-25 15:32:54,0.0,0.0,0.0,6.0,890.0,True,0.0
2018-03-25 15:32:56,0.0,0.0,0.0,6.0,890.0,True,0.0
2018-03-25 15:32:58,0.0,0.0,0.0,6.0,890.0,True,0.0
2018-03-25 15:33:00,0.0,0.0,0.0,6.0,890.0,True,0.0
2018-03-25 15:33:02,0.0,0.0,0.0,6.0,890.0,True,0.0
2018-03-25 15:33:04,0.0,0.0,0.0,6.0,890.0,True,0.0
2018-03-25 15:33:06,0.0,0.0,0.0,6.0,890.0,True,0.0
2018-03-25 15:33:08,0.0,0.0,0.0,6.0,890.0,True,0.0
2018-03-25 15:33:10,0.0,0.0,0.0,6.0,890.0,True,0.0
2018-03-25 15:33:12,0.0,0.0,0.0,6.0,890.0,True,0.0
2018-03-25 15:33:14,0.0,0.0,0.0,6.0,890.0,True,0.0
2018-03-25 15:33:16,0.0,0.0,0.0,6.0,890.0,True,0.0
2018-03-25 15:33:18,0.0,0.0,0.0,6.0,890.0,True,0.0
2018-03-25 15:33:20,0.0,0.0,0.0,6.0,890.0,True,0.0
2018-03-25 15:33:22,0.0,0.0,0.0,6.0,890.0,True,0.0
2018-03-25 15:33:24,0.0,0.0,0.0,6.0,890.0,True,0.0
2018-03-25 15:33:26,0.0,0.0,0.0,6.0,890.0,True,0.0
2018-03-25 15:33:28,0.0,0.0,0.0,6.0,890.0,True,0.0
2018-03-25 15:33:30,0.0,0.0,0.0,6.0,890.0,True,0.0
2018-03-25 15:33:32,0.0,0.0,0.0,6.0,890.0,True,0.0
2018-03-25 15:33:34,0.0,0.0,0.0,6.0,890.0,True,0.0
2018-03-25 15:33:36,0.0,0.0,0.0,6.0,890.0,True,0.0
2018-03-25 15:33:38,0.0,0.0,0.0,6.0,890.0,True,0.0
2018-03-25 15:33:40,0.0,0.0,0.0,6.0,890.0,True,0.0
2018-03-25 15:33:42,0.0,0.0,0.0,6.0,890.0,True,0.0
2018-03-25 15:33:44,0.0,0.0,0.0,6.0,890.0,True,0.0
2018-03-25 15:33:46,38.0,34.482,0.0,6.0,-1.0,True,0.0
2018-03-25 15:33:48,38.0,34.482,0.0,6.0,-1.0,True,0.0
2018-03-25 15:33:50,38.0,34.482,0.0,6.0,-1.0,True,0.0
2018-03-25 15:33:52,38.0,34.482,0.0,6.0,-1.0,True,0.0
2018-03-25 15:33:54,38.0,34.482,0.0,6.0,-1.0,True,0.0
2018-03-25 15:33:56,0.0,0.0,0.0,6.0,-1.0,True,0.0
2018-03-25 15:33:58,0.0,0.0,0.0,6.0,-1.0,True,0.0
2018-03-25 15:34:00,0.0,0.0,0.0,6.0,-1.0,True,0.0
2018-03-25 15:34:02,0.0,0.0,0.0,6.0,-1.0,True,0.0
2018-03-25 15:34:04,0.0,0.0,0.0,6.0,-1.0,True,0.0
2018-03-25 15:34:06,0.0,0.0,0.0,6.0,-1.0,True,0.0
2018-03-25 15:34:08,0.0,0.0,0.0,6.0,-1.0,True,0.0
2018-03-25 15:34:10,0.0,0.0,0.0,6.0,-1.0,True,0.0
2018-03-25 15:34:12,0.0,0.0,0.0,6.0,-1.0,True,0.0
2018-03-25 15:34:14,0.0,0.0,0.0,6.0,-1.0,True,0.0
2018-03-25 15:34:16,0.0,0.0,0.0,6.0,-1.0,True,0.0
2018-03-25 15:34:18,0.0,0.0,0.0,6.0,547.0,True,0.0
2018-03-25 15:34:21,0.0,0.0,0.0,6.0,905.0,True,38.0
2018-03-25 15:34:22,0.0,0.0,0.0,6.0,905.0,True,38.0
2018-03-25 15:34:24,0.0,0.0,0.0,6.0,905.0,True,38.0
2018-03-25 15:34:26,0.0,0.0,0.0,6.0,905.0,True,38.0
2018-03-25 15:34:28,0.0,0.0,0.0,6.0,905.0,True,38.0
2018-03-25 15:34:31,0.0,0.0,0.0,6.0,905.0,True,38.0
2018-03-25 15:34:32,0.0,0.0,0.0,6.0,905.0,True,38.0
2018-03-25 15:34:34,0.0,0.0,0.0,6.0,905.0,True,38.0
2018-03-25 15:34:36,0.0,0.0,0.0,6.0,905.0,True,38.0
2018-03-25 15:34:38,0.0,0.0,0.0,6.0,905.0,True,38.0
2018-03-25 15:34:41,0.0,0.0,0.0,6.0,7941.0,True,207.0
2018-03-25 15:34:42,0.0,0.0,0.0,6.0,7941.0,True,207.0
2018-03-25 15:34:44,0.0,0.0,0.0,6.0,7941.0,True,207.0
2018-03-25 15:34:46,0.0,0.0,0.0,6.0,7941.0,True,207.0
2018-03-25 15:34:48,0.0,0.0,0.0,6.0,7941.0,True,207.0
2018-03-25 15:34:51,0.0,0.0,0.0,6.0,7941.0,True,158.0
2018-03-25 15:34:52,0.0,0.0,0.0,6.0,7941.0,True,158.0
2018-03-25 15:34:54,0.0,0.0,0.0,6.0,7941.0,True,158.0
2018-03-25 15:34:56,0.0,0.0,0.0,6.0,7941.0,True,158.0
2018-03-25 15:34:58,0.0,0.0,0.0,6.0,7941.0,True,158.0
2018-03-25 15:35:01,19.0,10.34,0.0,6.0,1015.0,True,158.0
2018-03-25 15:35:02,19.0,10.34,0.0,6.0,1015.0,True,158.0
2018-03-25 15:35:04,19.0,10.34,0.0,6.0,1015.0,True,0.0
2018-03-25 15:35:06,19.0,10.34,0.0,6.0,1015.0,True,0.0
2018-03-25 15:35:08,19.0,10.34,0.0,6.0,1015.0,True,0.0
2018-03-25 15:35:10,19.0,10.34,0.0,6.0,1015.0,True,0.0
2018-03-25 15:35:12,19.0,10.34,0.0,6.0,1015.0,True,0.0
2018-03-25 15:35:14,158.0,116.594,0.0,6.0,718.0,True,0.0
2018-03-25 15:35:16,158.0,116.594,0.0,6.0,718.0,True,0.0
2018-03-25 15:35:18,158.0,116.594,0.0,6.0,718.0,True,0.0
2018-03-25 15:35:20,158.0,116.594,0.0,6.0,718.0,True,0.0
2018-03-25 15:35:22,158.0,116.594,0.0,6.0,718.0,True,0.0
2018-03-25 15:35:24,174.0,108.476,0.0,6.0,718.0,True,144.0
2018-03-25 15:35:26,174.0,108.476,0.0,6.0,718.0,True,144.0
2018-03-25 15:35:28,174.0,108.476,0.0,6.0,718.0,True,144.0
2018-03-25 15:35:30,174.0,108.476,0.0,6.0,718.0,True,144.0
2018-03-25 15:35:32,174.0,108.476,0.0,6.0,718.0,True,144.0
2018-03-25 15:35:34,103.0,39.852,0.0,6.0,1249.0,True,144.0
2018-03-25 15:35:36,103.0,39.852,0.0,6.0,1249.0,True,144.0
2018-03-25 15:35:38,103.0,39.852,0.0,6.0,1249.0,True,0.0
2018-03-25 15:35:40,103.0,39.852,0.0,6.0,1249.0,True,0.0
2018-03-25 15:35:42,103.0,39.852,0.0,6.0,1249.0,True,0.0
2018-03-25 15:35:44,103.0,39.852,0.0,6.0,1249.0,True,0.0
2018-03-25 15:35:46,103.0,39.852,0.0,6.0,1249.0,True,0.0
2018-03-25 15:35:48,0.0,0.0,0.0,6.0,796.0,True,0.0
2018-03-25 15:35:50,0.0,0.0,0.0,6.0,796.0,True,0.0
2018-03-25 15:35:52,0.0,0.0,0.0,6.0,796.0,True,0.0
2018-03-25 15:35:54,0.0,0.0,0.0,6.0,796.0,True,0.0
2018-03-25 15:35:56,0.0,0.0,0.0,6.0,796.0,True,0.0
2018-03-25 15:35:58,0.0,0.0,0.0,6.0,796.0,True,0.0
2018-03-25 15:36:00,0.0,0.0,0.0,6.0,843.0,True,38.0
2018-03-25 15:36:02,0.0,0.0,0.0,6.0,843.0,True,38.0
2018-03-25 15:36:04,0.0,0.0,0.0,6.0,843.0,True,38.0
2018-03-25 15:36:06,0.0,0.0,0.0,6.0,843.0,True,38.0
2018-03-25 15:36:08,0.0,0.0,0.0,6.0,843.0,True,38.0
2018-03-25 15:36:10,0.0,0.0,0.0,6.0,843.0,True,38.0
2018-03-25 15:36:12,0.0,0.0,0.0,6.0,843.0,True,38.0
2018-03-25 15:36:14,0.0,0.0,0.0,6.0,843.0,True,38.0
2018-03-25 15:36:16,0.0,0.0,0.0,6.0,843.0,True,38.0
2018-03-25 15:36:18,0.0,0.0,0.0,6.0,843.0,True,38.0
2018-03-25 15:36:20,26.0,6.132000000000001,0.0,6.0,843.0,True,38.0
2018-03-25 15:36:22,26.0,6.132000000000001,0.0,6.0,843.0,True,0.0
2018-03-25 15:36:24,26.0,6.132000000000001,0.0,6.0,843.0,True,0.0
2018-03-25 15:36:26,26.0,6.132000000000001,0.0,6.0,843.0,True,0.0
2018-03-25 15:36:28,26.0,6.132000000000001,0.0,6.0,843.0,True,0.0
2018-03-25 15:36:30,26.0,6.132000000000001,0.0,6.0,843.0,True,0.0
2018-03-25 15:36:32,0.0,0.0,0.0,6.0,640.0,True,0.0
2018-03-25 15:36:34,0.0,0.0,0.0,6.0,640.0,True,0.0
2018-03-25 15:36:36,0.0,0.0,0.0,6.0,640.0,True,0.0
2018-03-25 15:36:38,0.0,0.0,0.0,6.0,640.0,True,0.0
2018-03-25 15:36:40,0.0,0.0,0.0,6.0,640.0,True,0.0
2018-03-25 15:36:42,0.0,0.0,0.0,6.0,640.0,True,0.0
2018-03-25 15:36:44,0.0,0.0,0.0,6.0,640.0,True,0.0
2018-03-25 15:36:46,0.0,0.0,0.0,6.0,640.0,True,0.0
2018-03-25 15:36:48,0.0,0.0,0.0,6.0,640.0,True,0.0
2018-03-25 15:36:50,0.0,0.0,0.0,6.0,640.0,True,0.0
2018-03-25 15:36:52,0.0,0.0,0.0,6.0,640.0,True,0.0
2018-03-25 15:36:54,0.0,0.0,0.0,6.0,827.0,True,38.0
2018-03-25 15:36:56,0.0,0.0,0.0,6.0,827.0,True,38.0
2018-03-25 15:36:58,0.0,0.0,0.0,6.0,827.0,True,38.0
2018-03-25 15:37:00,0.0,0.0,0.0,6.0,827.0,True,38.0
2018-03-25 15:37:02,0.0,0.0,0.0,6.0,827.0,True,38.0
2018-03-25 15:37:04,0.0,0.0,0.0,6.0,827.0,True,38.0
2018-03-25 15:37:06,0.0,0.0,0.0,6.0,827.0,True,0.0
2018-03-25 15:37:08,0.0,0.0,0.0,6.0,827.0,True,0.0
2018-03-25 15:37:10,0.0,0.0,0.0,6.0,827.0,True,0.0
2018-03-25 15:37:12,0.0,0.0,0.0,6.0,827.0,True,0.0
2018-03-25 15:37:14,0.0,0.0,0.0,6.0,827.0,True,0.0
2018-03-25 15:37:16,0.0,0.0,0.0,6.0,640.0,True,0.0
2018-03-25 15:37:19,0.0,0.0,0.0,6.0,999.0,True,38.0
2018-03-25 15:37:20,0.0,0.0,0.0,6.0,999.0,True,38.0
2018-03-25 15:37:22,0.0,0.0,0.0,6.0,999.0,True,38.0
2018-03-25 15:37:24,0.0,0.0,0.0,6.0,999.0,True,38.0
2018-03-25 15:37:26,0.0,0.0,0.0,6.0,999.0,True,38.0
2018-03-25 15:37:28,0.0,0.0,0.0,6.0,999.0,True,38.0
2018-03-25 15:37:30,0.0,0.0,0.0,6.0,999.0,True,38.0
2018-03-25 15:37:32,0.0,0.0,0.0,6.0,999.0,True,0.0
2018-03-25 15:37:34,0.0,0.0,0.0,6.0,999.0,True,0.0
2018-03-25 15:37:36,0.0,0.0,0.0,6.0,999.0,True,0.0
2018-03-25 15:37:38,0.0,0.0,0.0,6.0,999.0,True,0.0
2018-03-25 15:37:40,0.0,0.0,0.0,6.0,999.0,True,0.0
2018-03-25 15:37:42,0.0,0.0,0.0,6.0,625.0,True,0.0
2018-03-25 15:37:45,0.0,0.0,0.0,6.0,921.0,True,38.0
2018-03-25 15:37:46,0.0,0.0,0.0,6.0,921.0,True,38.0
2018-03-25 15:37:48,0.0,0.0,0.0,6.0,921.0,True,38.0
2018-03-25 15:37:50,0.0,0.0,0.0,6.0,921.0,True,38.0
2018-03-25 15:37:52,0.0,0.0,0.0,6.0,921.0,True,38.0
2018-03-25 15:37:54,1.0,0.182,0.0,6.0,921.0,True,38.0
2018-03-25 15:37:56,1.0,0.182,0.0,6.0,921.0,True,0.0
2018-03-25 15:37:58,1.0,0.182,0.0,6.0,921.0,True,0.0
2018-03-25 15:38:00,1.0,0.182,0.0,6.0,921.0,True,0.0
2018-03-25 15:38:02,1.0,0.182,0.0,6.0,921.0,True,0.0
2018-03-25 15:38:04,1.0,0.182,0.0,6.0,921.0,True,0.0
2018-03-25 15:38:06,0.0,0.0,0.0,6.0,703.0,True,0.0
2018-03-25 15:38:08,0.0,0.0,0.0,6.0,703.0,True,0.0
2018-03-25 15:38:10,0.0,0.0,0.0,6.0,703.0,True,0.0
2018-03-25 15:38:12,0.0,0.0,0.0,6.0,703.0,True,0.0
2018-03-25 15:38:14,0.0,0.0,0.0,6.0,703.0,True,0.0
2018-03-25 15:38:16,2013.0,1444.114,0.0,6.0,703.0,True,0.0
2018-03-25 15:38:18,2013.0,1444.114,0.0,6.0,703.0,True,0.0
2018-03-25 15:38:20,2013.0,1444.114,0.0,6.0,703.0,True,0.0
2018-03-25 15:38:22,2013.0,1444.114,0.0,6.0,703.0,True,0.0
2018-03-25 15:38:24,2013.0,1444.114,0.0,6.0,703.0,True,0.0
2018-03-25 15:38:26,1776.0,850.7819999999999,0.0,6.0,703.0,True,0.0
2018-03-25 15:38:28,1776.0,850.7819999999999,0.0,6.0,703.0,True,0.0
2018-03-25 15:38:30,1776.0,850.7819999999999,0.0,6.0,703.0,True,0.0
2018-03-25 15:38:32,1776.0,850.7819999999999,0.0,6.0,703.0,True,0.0
2018-03-25 15:38:34,1776.0,850.7819999999999,0.0,6.0,703.0,True,0.0
2018-03-25 15:38:36,1316.0,753.414,0.0,6.0,703.0,True,0.0
2018-03-25 15:38:38,1316.0,753.414,0.0,6.0,703.0,True,0.0
2018-03-25 15:38:40,1316.0,753.414,0.0,6.0,703.0,True,0.0
2018-03-25 15:38:42,1316.0,753.414,0.0,6.0,703.0,True,0.0
2018-03-25 15:38:44,1316.0,753.414,0.0,6.0,703.0,True,0.0
2018-03-25 15:38:46,293.0,138.45600000000002,0.0,6.0,703.0,True,0.0
2018-03-25 15:38:48,293.0,138.45600000000002,0.0,6.0,703.0,True,0.0
2018-03-25 15:38:50,293.0,138.45600000000002,0.0,6.0,703.0,True,0.0
2018-03-25 15:38:52,293.0,138.45600000000002,0.0,6.0,703.0,True,0.0
2018-03-25 15:38:54,293.0,138.45600000000002,0.0,6.0,703.0,True,0.0
2018-03-25 15:38:56,2.0,2.8280000000000003,0.0,6.0,5227.0,True,1195.0
2018-03-25 15:38:59,2.0,2.8280000000000003,0.0,6.0,5227.0,True,1120.0
2018-03-25 15:39:00,2.0,2.8280000000000003,0.0,6.0,5227.0,True,1120.0
2018-03-25 15:39:02,2.0,2.8280000000000003,0.0,6.0,5227.0,True,1120.0
2018-03-25 15:39:04,2.0,2.8280000000000003,0.0,6.0,5227.0,True,0.0
2018-03-25 15:39:06,2.0,2.8280000000000003,0.0,6.0,5227.0,True,0.0
2018-03-25 15:39:08,2.0,2.8280000000000003,0.0,6.0,5227.0,True,0.0
2018-03-25 15:39:10,2.0,2.8280000000000003,0.0,6.0,5227.0,True,0.0
2018-03-25 15:39:12,2.0,2.8280000000000003,0.0,6.0,5227.0,True,0.0
2018-03-25 15:39:14,0.0,0.0,0.0,6.0,1841.0,True,0.0
2018-03-25 15:39:16,0.0,0.0,0.0,6.0,1841.0,True,0.0
2018-03-25 15:39:18,0.0,0.0,0.0,6.0,1841.0,True,0.0
2018-03-25 15:39:20,0.0,0.0,0.0,6.0,1841.0,True,113.0
2018-03-25 15:39:23,6.0,8.486,0.0,6.0,687.0,True,140.0
2018-03-25 15:39:24,6.0,8.486,0.0,6.0,687.0,True,138.0
2018-03-25 15:39:27,6.0,8.486,0.0,6.0,687.0,True,0.0
2018-03-25 15:39:30,0.0,0.0,0.0,6.0,1249.0,True,123.0
2018-03-25 15:39:32,0.0,0.0,0.0,6.0,1249.0,True,100.0
2018-03-25 15:39:32,0.0,0.0,0.0,6.0,1249.0,True,106.0
2018-03-25 15:39:34,0.0,0.0,0.0,6.0,1249.0,True,104.0
2018-03-25 15:39:36,0.0,0.0,0.0,6.0,1249.0,True,88.0
2018-03-25 15:39:38,0.0,0.0,0.0,6.0,1249.0,True,90.0
2018-03-25 15:39:40,0.0,0.0,0.0,6.0,1249.0,True,99.0
2018-03-25 15:39:42,0.0,0.0,0.0,6.0,1249.0,True,120.0
2018-03-25 15:39:44,0.0,0.0,0.0,6.0,1249.0,True,120.0
2018-03-25 15:39:46,0.0,0.0,0.0,6.0,1249.0,True,120.0
2018-03-25 15:39:48,0.0,0.0,0.0,6.0,1249.0,True,120.0
2018-03-25 15:39:50,0.0,0.0,0.0,6.0,1249.0,True,120.0
2018-03-25 15:39:52,2199.0,1430.816,0.0,6.0,937.0,True,120.0
2018-03-25 15:39:54,2199.0,1430.816,0.0,6.0,937.0,True,120.0
2018-03-25 15:39:56,2199.0,1430.816,0.0,6.0,937.0,True,120.0
2018-03-25 15:39:58,2199.0,1430.816,0.0,6.0,937.0,True,120.0
2018-03-25 15:40:00,2199.0,1430.816,0.0,6.0,937.0,True,120.0
2018-03-25 15:40:02,2713.0,1689.864,0.0,6.0,937.0,True,120.0
2018-03-25 15:40:04,2713.0,1689.864,0.0,6.0,937.0,True,120.0
2018-03-25 15:40:06,2713.0,1689.864,0.0,6.0,937.0,True,120.0
2018-03-25 15:40:08,2713.0,1689.864,0.0,6.0,937.0,True,120.0
2018-03-25 15:40:10,2713.0,1689.864,0.0,6.0,937.0,True,120.0
2018-03-25 15:40:12,3113.0,2035.7920000000001,0.0,6.0,937.0,True,120.0
2018-03-25 15:40:14,3113.0,2035.7920000000001,0.0,6.0,937.0,True,120.0
2018-03-25 15:40:16,3113.0,2035.7920000000001,0.0,6.0,937.0,True,0.0
2018-03-25 15:40:18,3113.0,2035.7920000000001,0.0,6.0,937.0,True,0.0
2018-03-25 15:40:20,3113.0,2035.7920000000001,0.0,6.0,937.0,True,0.0
2018-03-25 15:40:22,3113.0,2035.7920000000001,0.0,6.0,937.0,True,0.0
2018-03-25 15:40:24,3113.0,2035.7920000000001,0.0,6.0,937.0,True,0.0
2018-03-25 15:40:26,0.0,0.0,0.0,6.0,562.0,True,0.0
2018-03-25 15:40:28,0.0,0.0,0.0,6.0,562.0,True,0.0
2018-03-25 15:40:30,0.0,0.0,0.0,6.0,562.0,True,0.0
2018-03-25 15:40:32,0.0,0.0,0.0,6.0,562.0,True,0.0
2018-03-25 15:40:34,0.0,0.0,0.0,6.0,562.0,True,0.0
2018-03-25 15:40:36,0.0,0.0,0.0,6.0,921.0,True,38.0
2018-03-25 15:40:38,0.0,0.0,0.0,6.0,921.0,True,38.0
2018-03-25 15:40:40,0.0,0.0,0.0,6.0,921.0,True,38.0
2018-03-25 15:40:42,0.0,0.0,0.0,6.0,921.0,True,38.0
2018-03-25 15:40:44,0.0,0.0,0.0,6.0,921.0,True,38.0
2018-03-25 15:40:46,0.0,0.0,0.0,6.0,921.0,True,38.0
2018-03-25 15:40:48,0.0,0.0,0.0,6.0,921.0,True,38.0
2018-03-25 15:40:50,0.0,0.0,0.0,6.0,921.0,True,38.0
2018-03-25 15:40:53,0.0,0.0,0.0,6.0,921.0,True,0.0
2018-03-25 15:40:54,0.0,0.0,0.0,6.0,921.0,True,0.0
2018-03-25 15:40:56,0.0,0.0,0.0,6.0,921.0,True,0.0
2018-03-25 15:40:58,0.0,0.0,0.0,6.0,921.0,True,0.0
2018-03-25 15:41:00,0.0,0.0,0.0,6.0,921.0,True,0.0
2018-03-25 15:41:03,2963.0,1598.2579999999998,0.0,6.0,562.0,True,0.0
2018-03-25 15:41:04,2963.0,1598.2579999999998,0.0,6.0,562.0,True,0.0
2018-03-25 15:41:06,2963.0,1598.2579999999998,0.0,6.0,562.0,True,0.0
2018-03-25 15:41:08,2963.0,1598.2579999999998,0.0,6.0,562.0,True,0.0
2018-03-25 15:41:10,2963.0,1598.2579999999998,0.0,6.0,562.0,True,0.0
2018-03-25 15:41:13,1161.0,487.56800000000004,0.0,6.0,562.0,True,0.0
2018-03-25 15:41:14,1161.0,487.56800000000004,0.0,6.0,562.0,True,0.0
2018-03-25 15:41:16,1161.0,487.56800000000004,0.0,6.0,562.0,True,0.0
2018-03-25 15:41:18,1161.0,487.56800000000004,0.0,6.0,562.0,True,0.0
2018-03-25 15:41:20,1161.0,487.56800000000004,0.0,6.0,562.0,True,0.0
2018-03-25 15:41:22,1161.0,487.56800000000004,0.0,6.0,562.0,True,0.0
2018-03-25 15:41:24,1568.0,859.8960000000001,0.0,6.0,562.0,True,0.0
2018-03-25 15:41:26,1568.0,859.8960000000001,0.0,6.0,562.0,True,0.0
2018-03-25 15:41:28,1568.0,859.8960000000001,0.0,6.0,562.0,True,0.0
2018-03-25 15:41:30,1568.0,859.8960000000001,0.0,6.0,562.0,True,0.0
2018-03-25 15:41:32,1568.0,859.8960000000001,0.0,6.0,562.0,True,0.0
2018-03-25 15:41:34,1958.0,1059.812,0.0,6.0,562.0,True,0.0
2018-03-25 15:41:36,1958.0,1059.812,0.0,6.0,562.0,True,0.0
2018-03-25 15:41:38,1958.0,1059.812,0.0,6.0,562.0,True,0.0
2018-03-25 15:41:40,1958.0,1059.812,0.0,6.0,562.0,True,0.0
2018-03-25 15:41:42,1958.0,1059.812,0.0,6.0,562.0,True,0.0
2018-03-25 15:41:44,1706.0,1232.182,0.0,6.0,562.0,True,38.0
2018-03-25 15:41:46,1706.0,1232.182,0.0,6.0,562.0,True,38.0
2018-03-25 15:41:48,1706.0,1232.182,0.0,6.0,562.0,True,0.0
2018-03-25 15:41:50,1706.0,1232.182,0.0,6.0,562.0,True,0.0
2018-03-25 15:41:52,1706.0,1232.182,0.0,6.0,562.0,True,0.0
2018-03-25 15:41:54,1706.0,1232.182,0.0,6.0,562.0,True,0.0
2018-03-25 15:41:56,1706.0,1232.182,0.0,6.0,562.0,True,0.0
2018-03-25 15:41:58,0.0,0.0,0.0,6.0,640.0,True,0.0
2018-03-25 15:42:00,0.0,0.0,0.0,6.0,640.0,True,0.0
2018-03-25 15:42:02,0.0,0.0,0.0,6.0,640.0,True,0.0
2018-03-25 15:42:04,0.0,0.0,0.0,6.0,640.0,True,0.0
2018-03-25 15:42:06,0.0,0.0,0.0,6.0,640.0,True,0.0
2018-03-25 15:42:08,0.0,0.0,0.0,6.0,640.0,True,0.0
2018-03-25 15:42:10,0.0,0.0,0.0,6.0,640.0,True,0.0
2018-03-25 15:42:12,0.0,0.0,0.0,6.0,921.0,True,38.0
2018-03-25 15:42:14,0.0,0.0,0.0,6.0,921.0,True,38.0
2018-03-25 15:42:16,0.0,0.0,0.0,6.0,921.0,True,38.0
2018-03-25 15:42:18,0.0,0.0,0.0,6.0,921.0,True,38.0
2018-03-25 15:42:20,0.0,0.0,0.0,6.0,921.0,True,38.0
2018-03-25 15:42:22,0.0,0.0,0.0,6.0,921.0,True,38.0
2018-03-25 15:42:24,0.0,0.0,0.0,6.0,921.0,True,38.0
2018-03-25 15:42:26,0.0,0.0,0.0,6.0,921.0,True,38.0
2018-03-25 15:42:28,0.0,0.0,0.0,6.0,921.0,True,38.0
2018-03-25 15:42:30,0.0,0.0,0.0,6.0,921.0,True,38.0
2018-03-25 15:42:32,0.0,0.0,0.0,6.0,921.0,True,38.0
2018-03-25 15:42:34,0.0,0.0,0.0,6.0,921.0,True,38.0
2018-03-25 15:42:36,0.0,0.0,0.0,6.0,921.0,True,38.0
2018-03-25 15:42:38,0.0,0.0,0.0,6.0,921.0,True,38.0
2018-03-25 15:42:40,0.0,0.0,0.0,6.0,921.0,True,0.0
2018-03-25 15:42:42,0.0,0.0,0.0,6.0,921.0,True,0.0
2018-03-25 15:42:44,0.0,0.0,0.0,6.0,921.0,True,0.0
2018-03-25 15:42:46,0.0,0.0,0.0,6.0,921.0,True,0.0
2018-03-25 15:42:48,0.0,0.0,0.0,6.0,921.0,True,0.0
2018-03-25 15:42:50,0.0,0.0,0.0,6.0,640.0,True,0.0
2018-03-25 15:42:52,0.0,0.0,0.0,6.0,640.0,True,0.0
2018-03-25 15:42:54,0.0,0.0,0.0,6.0,640.0,True,0.0
2018-03-25 15:42:57,0.0,0.0,0.0,6.0,843.0,True,38.0
2018-03-25 15:42:58,0.0,0.0,0.0,6.0,843.0,True,38.0
2018-03-25 15:43:00,0.0,0.0,0.0,6.0,843.0,True,38.0
2018-03-25 15:43:02,0.0,0.0,0.0,6.0,843.0,True,38.0
2018-03-25 15:43:04,0.0,0.0,0.0,6.0,843.0,True,38.0
2018-03-25 15:43:06,0.0,0.0,0.0,6.0,843.0,True,38.0
2018-03-25 15:43:08,0.0,0.0,0.0,6.0,843.0,True,38.0
2018-03-25 15:43:10,0.0,0.0,0.0,6.0,843.0,True,38.0
2018-03-25 15:43:12,0.0,0.0,0.0,6.0,843.0,True,0.0
2018-03-25 15:43:14,0.0,0.0,0.0,6.0,843.0,True,0.0
2018-03-25 15:43:16,0.0,0.0,0.0,6.0,843.0,True,0.0
2018-03-25 15:43:18,0.0,0.0,0.0,6.0,843.0,True,0.0
2018-03-25 15:43:20,0.0,0.0,0.0,6.0,843.0,True,0.0
2018-03-25 15:43:22,0.0,0.0,0.0,6.0,625.0,True,0.0
2018-03-25 15:43:24,0.0,0.0,0.0,6.0,999.0,True,38.0
2018-03-25 15:43:26,0.0,0.0,0.0,6.0,999.0,True,38.0
2018-03-25 15:43:28,0.0,0.0,0.0,6.0,999.0,True,38.0
2018-03-25 15:43:30,0.0,0.0,0.0,6.0,999.0,True,38.0
2018-03-25 15:43:32,0.0,0.0,0.0,6.0,999.0,True,38.0
2018-03-25 15:43:34,0.0,0.0,0.0,6.0,999.0,True,0.0
2018-03-25 15:43:36,0.0,0.0,0.0,6.0,999.0,True,0.0
2018-03-25 15:43:38,0.0,0.0,0.0,6.0,999.0,True,0.0
2018-03-25 15:43:40,0.0,0.0,0.0,6.0,999.0,True,0.0
2018-03-25 15:43:42,0.0,0.0,0.0,6.0,999.0,True,0.0
2018-03-25 15:43:44,0.0,0.0,0.0,6.0,640.0,True,0.0
2018-03-25 15:43:46,0.0,0.0,0.0,6.0,640.0,True,0.0
2018-03-25 15:43:48,0.0,0.0,0.0,6.0,640.0,True,0.0
2018-03-25 15:43:50,0.0,0.0,0.0,6.0,640.0,True,0.0
2018-03-25 15:43:52,0.0,0.0,0.0,6.0,640.0,True,0.0
2018-03-25 15:43:54,0.0,0.0,0.0,6.0,640.0,True,0.0
2018-03-25 15:43:56,0.0,0.0,0.0,6.0,640.0,True,0.0
2018-03-25 15:43:58,0.0,0.0,0.0,6.0,1015.0,True,38.0
2018-03-25 15:44:00,0.0,0.0,0.0,6.0,1015.0,True,38.0
2018-03-25 15:44:02,0.0,0.0,0.0,6.0,1015.0,True,38.0
2018-03-25 15:44:04,0.0,0.0,0.0,6.0,1015.0,True,38.0
2018-03-25 15:44:06,0.0,0.0,0.0,6.0,1015.0,True,38.0
2018-03-25 15:44:08,0.0,0.0,0.0,6.0,1015.0,True,38.0
2018-03-25 15:44:10,0.0,0.0,0.0,6.0,1015.0,True,38.0
